index,location,date,temperature
0,SF,2020-01-01,53.06
1,SF,2020-01-02,53.6
2,SF,2020-01-03,51.98
3,SF,2020-01-04,54.5
4,SF,2020-01-05,51.98
5,SF,2020-01-06,50.54
6,SF,2020-01-07,49.82
7,SF,2020-01-08,53.06
8,SF,2020-01-09,52.7
9,SF,2020-01-10,48.56
10,SF,2020-01-11,52.16
11,SF,2020-01-12,49.46
12,SF,2020-01-13,51.08
13,SF,2020-01-14,52.34
14,SF,2020-01-15,46.94
15,SF,2020-01-16,49.82
16,SF,2020-01-17,46.58
17,SF,2020-01-18,49.28
18,SF,2020-01-19,49.82
19,SF,2020-01-20,50.18
20,SF,2020-01-21,54.14
21,SF,2020-01-22,53.96
22,SF,2020-01-23,53.06
23,SF,2020-01-24,53.78
24,SF,2020-01-25,55.94
25,SF,2020-01-26,58.28
26,SF,2020-01-27,53.78
27,SF,2020-01-28,54.68
28,SF,2020-01-29,53.24
29,SF,2020-01-30,55.22
30,SF,2020-01-31,53.42
31,SF,2020-02-01,55.04
32,SF,2020-02-02,53.78
33,SF,2020-02-03,47.12
34,SF,2020-02-04,51.26
35,SF,2020-02-05,48.38
36,SF,2020-02-06,51.08
37,SF,2020-02-07,52.16
38,SF,2020-02-08,52.7
39,SF,2020-02-09,54.32
40,SF,2020-02-10,57.92
41,SF,2020-02-11,58.64
42,SF,2020-02-12,56.48
43,SF,2020-02-13,51.98
44,SF,2020-02-14,51.62
45,SF,2020-02-15,52.52
46,SF,2020-02-16,54.32
47,SF,2020-02-17,53.6
48,SF,2020-02-18,56.84
49,SF,2020-02-19,52.16
50,SF,2020-02-20,53.96
51,SF,2020-02-21,57.02
52,SF,2020-02-22,58.28
53,SF,2020-02-23,52.88
54,SF,2020-02-24,53.42
55,SF,2020-02-25,56.48
56,SF,2020-02-26,59.18
57,SF,2020-02-27,59.72
58,SF,2020-02-28,60.62
59,SF,2020-02-29,52.88
60,SF,2020-03-01,50.72
61,SF,2020-03-02,59.0
62,SF,2020-03-03,61.34
63,SF,2020-03-04,58.28
64,SF,2020-03-05,57.2
65,SF,2020-03-06,55.22
66,SF,2020-03-07,51.8
67,SF,2020-03-08,51.26
68,SF,2020-03-09,54.5
69,SF,2020-03-10,58.82
70,SF,2020-03-11,61.16
71,SF,2020-03-12,55.4
72,SF,2020-03-13,55.58
73,SF,2020-03-14,52.34
74,SF,2020-03-15,51.62
75,SF,2020-03-16,48.74
76,SF,2020-03-17,48.74
77,SF,2020-03-18,50.36
78,SF,2020-03-19,52.52
79,SF,2020-03-20,53.24
80,SF,2020-03-21,55.04
81,SF,2020-03-22,55.94
82,SF,2020-03-23,54.5
83,SF,2020-03-24,52.52
84,SF,2020-03-25,50.9
85,SF,2020-03-26,49.82
86,SF,2020-03-27,52.52
87,SF,2020-03-28,53.78
88,SF,2020-03-29,53.78
89,SF,2020-03-30,55.4
90,SF,2020-03-31,55.94
91,SF,2020-04-01,54.86
92,SF,2020-04-02,53.24
93,SF,2020-04-03,53.24
94,SF,2020-04-04,52.52
95,SF,2020-04-05,53.24
96,SF,2020-04-06,49.28
97,SF,2020-04-07,48.74
98,SF,2020-04-08,55.04
99,SF,2020-04-09,55.94
100,SF,2020-04-10,58.1
101,SF,2020-04-11,55.04
102,SF,2020-04-12,54.86
103,SF,2020-04-13,55.58
104,SF,2020-04-14,58.46
105,SF,2020-04-15,60.98
106,SF,2020-04-16,55.94
107,SF,2020-04-17,55.94
108,SF,2020-04-18,57.74
109,SF,2020-04-19,57.74
110,SF,2020-04-20,57.38
111,SF,2020-04-21,56.48
112,SF,2020-04-22,57.74
113,SF,2020-04-23,59.54
114,SF,2020-04-24,60.62
115,SF,2020-04-25,62.96
116,SF,2020-04-26,59.18
117,SF,2020-04-27,59.54
118,SF,2020-04-28,60.8
119,SF,2020-04-29,57.2
120,SF,2020-04-30,57.38
121,SF,2020-05-01,57.74
122,SF,2020-05-02,59.72
123,SF,2020-05-03,58.28
124,SF,2020-05-04,56.48
125,SF,2020-05-05,58.46
126,SF,2020-05-06,59.9
127,SF,2020-05-07,62.6
128,SF,2020-05-08,61.52
129,SF,2020-05-09,56.66
130,SF,2020-05-10,57.74
131,SF,2020-05-11,59.72
132,SF,2020-05-12,59.72
133,SF,2020-05-13,58.46
134,SF,2020-05-14,60.26
135,SF,2020-05-15,60.98
136,SF,2020-05-16,60.98
137,SF,2020-05-17,65.12
138,SF,2020-05-18,60.62
139,SF,2020-05-19,59.36
140,SF,2020-05-20,58.64
141,SF,2020-05-21,59.0
142,SF,2020-05-22,58.46
143,SF,2020-05-23,59.36
144,SF,2020-05-24,59.72
145,SF,2020-05-25,65.66
146,SF,2020-05-26,68.36
147,SF,2020-05-27,70.52
148,SF,2020-05-28,59.18
149,SF,2020-05-29,60.44
150,SF,2020-05-30,64.76
151,SF,2020-05-31,61.7
152,SF,2020-06-01,61.7
153,SF,2020-06-02,65.3
154,SF,2020-06-03,69.98
155,SF,2020-06-04,65.84
156,SF,2020-06-05,60.08
157,SF,2020-06-06,59.0
158,SF,2020-06-07,58.82
159,SF,2020-06-08,60.44
160,SF,2020-06-09,62.78
161,SF,2020-06-10,63.86
162,SF,2020-06-11,63.32
163,SF,2020-06-12,61.7
164,SF,2020-06-13,60.62
165,SF,2020-06-14,62.78
166,SF,2020-06-15,61.34
167,SF,2020-06-16,60.62
168,SF,2020-06-17,63.86
169,SF,2020-06-18,67.46
170,SF,2020-06-19,64.76
171,SF,2020-06-20,60.98
172,SF,2020-06-21,61.52
173,SF,2020-06-22,62.42
174,SF,2020-06-23,63.86
175,SF,2020-06-24,63.32
176,SF,2020-06-25,62.06
177,SF,2020-06-26,63.14
178,SF,2020-06-27,62.96
179,SF,2020-06-28,60.26
180,SF,2020-06-29,62.6
181,SF,2020-06-30,63.86
182,SF,2020-07-01,61.16
183,SF,2020-07-02,61.52
184,SF,2020-07-03,60.98
185,SF,2020-07-04,61.88
186,SF,2020-07-05,63.68
187,SF,2020-07-06,60.8
188,SF,2020-07-07,60.08
189,SF,2020-07-08,60.8
190,SF,2020-07-09,61.34
191,SF,2020-07-10,60.44
192,SF,2020-07-11,62.42
193,SF,2020-07-12,63.32
194,SF,2020-07-13,62.24
195,SF,2020-07-14,61.7
196,SF,2020-07-15,63.32
197,SF,2020-07-16,63.14
198,SF,2020-07-17,63.5
199,SF,2020-07-18,64.76
200,SF,2020-07-19,63.5
201,SF,2020-07-20,62.42
202,SF,2020-07-21,61.16
203,SF,2020-07-22,62.78
204,SF,2020-07-23,62.78
205,SF,2020-07-24,60.44
206,SF,2020-07-25,62.24
207,SF,2020-07-26,63.86
208,SF,2020-07-27,61.7
209,SF,2020-07-28,60.62
210,SF,2020-07-29,60.26
211,SF,2020-07-30,61.34
212,SF,2020-07-31,59.72
213,SF,2020-08-01,61.52
214,SF,2020-08-02,61.7
215,SF,2020-08-03,64.4
216,SF,2020-08-04,62.6
217,SF,2020-08-05,61.7
218,SF,2020-08-06,63.32
219,SF,2020-08-07,64.22
220,SF,2020-08-08,64.22
221,SF,2020-08-09,63.86
222,SF,2020-08-10,63.86
223,SF,2020-08-11,64.22
224,SF,2020-08-12,64.04
225,SF,2020-08-13,64.58
226,SF,2020-08-14,74.48
227,SF,2020-08-15,77.9
228,SF,2020-08-16,75.92
229,SF,2020-08-17,69.08
230,SF,2020-08-18,68.36
231,SF,2020-08-19,68.72
232,SF,2020-08-20,64.04
233,SF,2020-08-21,66.38
234,SF,2020-08-22,66.38
235,SF,2020-08-23,64.4
236,SF,2020-08-24,63.86
237,SF,2020-08-25,63.14
238,SF,2020-08-26,60.8
239,SF,2020-08-27,59.54
240,SF,2020-08-28,59.72
241,SF,2020-08-29,61.16
242,SF,2020-08-30,62.24
243,SF,2020-08-31,61.34
244,SF,2020-09-01,61.88
245,SF,2020-09-02,63.5
246,SF,2020-09-03,61.52
247,SF,2020-09-04,61.88
248,SF,2020-09-05,67.64
249,SF,2020-09-06,78.98
250,SF,2020-09-07,81.68
251,SF,2020-09-08,68.18
252,SF,2020-09-09,62.24
253,SF,2020-09-10,62.06
254,SF,2020-09-11,61.88
255,SF,2020-09-12,61.7
256,SF,2020-09-13,59.72
257,SF,2020-09-14,60.98
258,SF,2020-09-15,64.58
259,SF,2020-09-16,67.46
260,SF,2020-09-17,66.74
261,SF,2020-09-18,67.28
262,SF,2020-09-19,66.02
263,SF,2020-09-20,67.1
264,SF,2020-09-21,64.04
265,SF,2020-09-22,64.76
266,SF,2020-09-23,65.48
267,SF,2020-09-24,67.28
268,SF,2020-09-25,64.76
269,SF,2020-09-26,65.12
270,SF,2020-09-27,70.34
271,SF,2020-09-28,80.06
272,SF,2020-09-29,64.4
273,SF,2020-09-30,62.78
274,SF,2020-10-01,71.24
275,SF,2020-10-02,71.24
276,SF,2020-10-03,64.94
277,SF,2020-10-04,61.16
278,SF,2020-10-05,59.18
279,SF,2020-10-06,57.74
280,SF,2020-10-07,58.1
281,SF,2020-10-08,61.34
282,SF,2020-10-09,61.34
283,SF,2020-10-10,64.4
284,SF,2020-10-11,64.58
285,SF,2020-10-12,64.94
286,SF,2020-10-13,67.46
287,SF,2020-10-14,69.98
288,SF,2020-10-15,74.48
289,SF,2020-10-16,78.08
290,SF,2020-10-17,73.22
291,SF,2020-10-18,70.16
292,SF,2020-10-19,63.14
293,SF,2020-10-20,62.42
294,SF,2020-10-21,64.58
295,SF,2020-10-22,62.42
296,SF,2020-10-23,59.54
297,SF,2020-10-24,59.54
298,SF,2020-10-25,60.62
299,SF,2020-10-26,64.04
300,SF,2020-10-27,64.58
301,SF,2020-10-28,61.88
302,SF,2020-10-29,60.44
303,SF,2020-10-30,57.56
304,SF,2020-10-31,57.02
305,SF,2020-11-01,60.44
306,SF,2020-11-02,61.16
307,SF,2020-11-03,57.2
308,SF,2020-11-04,58.28
309,SF,2020-11-05,61.34
310,SF,2020-11-06,59.72
311,SF,2020-11-07,54.32
312,SF,2020-11-08,53.6
313,SF,2020-11-09,49.46
314,SF,2020-11-10,50.18
315,SF,2020-11-11,55.58
316,SF,2020-11-12,53.06
317,SF,2020-11-13,53.06
318,SF,2020-11-14,54.32
319,SF,2020-11-15,52.16
320,SF,2020-11-16,57.56
321,SF,2020-11-17,60.08
322,SF,2020-11-18,59.36
323,SF,2020-11-19,54.68
324,SF,2020-11-20,53.42
325,SF,2020-11-21,53.06
326,SF,2020-11-22,51.08
327,SF,2020-11-23,54.32
328,SF,2020-11-24,52.16
329,SF,2020-11-25,55.04
330,SF,2020-11-26,53.96
331,SF,2020-11-27,52.7
332,SF,2020-11-28,51.26
333,SF,2020-11-29,50.36
334,SF,2020-11-30,51.08
335,SF,2020-12-01,51.26
336,SF,2020-12-02,52.88
337,SF,2020-12-03,53.24
338,SF,2020-12-04,53.42
339,SF,2020-12-05,52.88
340,SF,2020-12-06,52.16
341,SF,2020-12-07,57.38
342,SF,2020-12-08,57.02
343,SF,2020-12-09,55.58
344,SF,2020-12-10,54.86
345,SF,2020-12-11,52.52
346,SF,2020-12-12,56.12
347,SF,2020-12-13,54.32
348,SF,2020-12-14,52.7
349,SF,2020-12-15,50.36
350,SF,2020-12-16,51.26
351,SF,2020-12-17,55.76
352,SF,2020-12-18,50.72
353,SF,2020-12-19,50.36
354,SF,2020-12-20,50.72
355,SF,2020-12-21,50.72
356,SF,2020-12-22,53.24
357,SF,2020-12-23,51.08
358,SF,2020-12-24,50.36
359,SF,2020-12-25,52.88
360,SF,2020-12-26,57.02
361,SF,2020-12-27,51.44
362,SF,2020-12-28,51.98
363,SF,2020-12-29,49.82
364,SF,2020-12-30,49.82
365,SF,2020-12-31,53.78
0,Concord,2020-01-01,51.62
1,Concord,2020-01-02,52.52
2,Concord,2020-01-03,49.28
3,Concord,2020-01-04,51.08
4,Concord,2020-01-05,49.46
5,Concord,2020-01-06,48.38
6,Concord,2020-01-07,43.88
7,Concord,2020-01-08,50.72
8,Concord,2020-01-09,51.08
9,Concord,2020-01-10,46.04
10,Concord,2020-01-11,51.62
11,Concord,2020-01-12,46.94
12,Concord,2020-01-13,50.18
13,Concord,2020-01-14,52.16
14,Concord,2020-01-15,45.32
15,Concord,2020-01-16,48.56
16,Concord,2020-01-17,44.24
17,Concord,2020-01-18,46.76
18,Concord,2020-01-19,46.94
19,Concord,2020-01-20,45.68
20,Concord,2020-01-21,51.26
21,Concord,2020-01-22,55.76
22,Concord,2020-01-23,51.44
23,Concord,2020-01-24,52.88
24,Concord,2020-01-25,57.2
25,Concord,2020-01-26,59.18
26,Concord,2020-01-27,53.42
27,Concord,2020-01-28,54.14
28,Concord,2020-01-29,51.08
29,Concord,2020-01-30,54.5
30,Concord,2020-01-31,54.68
31,Concord,2020-02-01,51.98
32,Concord,2020-02-02,53.24
33,Concord,2020-02-03,45.68
34,Concord,2020-02-04,47.48
35,Concord,2020-02-05,47.48
36,Concord,2020-02-06,51.08
37,Concord,2020-02-07,51.08
38,Concord,2020-02-08,51.62
39,Concord,2020-02-09,53.96
40,Concord,2020-02-10,54.32
41,Concord,2020-02-11,62.06
42,Concord,2020-02-12,56.3
43,Concord,2020-02-13,52.34
44,Concord,2020-02-14,52.88
45,Concord,2020-02-15,53.78
46,Concord,2020-02-16,56.48
47,Concord,2020-02-17,55.76
48,Concord,2020-02-18,56.66
49,Concord,2020-02-19,52.52
50,Concord,2020-02-20,53.6
51,Concord,2020-02-21,56.66
52,Concord,2020-02-22,58.46
53,Concord,2020-02-23,54.86
54,Concord,2020-02-24,55.58
55,Concord,2020-02-25,58.82
56,Concord,2020-02-26,59.18
57,Concord,2020-02-27,60.44
58,Concord,2020-02-28,60.26
59,Concord,2020-02-29,58.82
60,Concord,2020-03-01,51.98
61,Concord,2020-03-02,57.92
62,Concord,2020-03-03,60.44
63,Concord,2020-03-04,61.16
64,Concord,2020-03-05,58.46
65,Concord,2020-03-06,56.12
66,Concord,2020-03-07,52.52
67,Concord,2020-03-08,49.64
68,Concord,2020-03-09,54.14
69,Concord,2020-03-10,57.92
70,Concord,2020-03-11,62.24
71,Concord,2020-03-12,60.62
72,Concord,2020-03-13,58.28
73,Concord,2020-03-14,52.88
74,Concord,2020-03-15,50.9
75,Concord,2020-03-16,46.76
76,Concord,2020-03-17,46.58
77,Concord,2020-03-18,49.82
78,Concord,2020-03-19,51.62
79,Concord,2020-03-20,52.34
80,Concord,2020-03-21,53.42
81,Concord,2020-03-22,55.22
82,Concord,2020-03-23,55.58
83,Concord,2020-03-24,53.06
84,Concord,2020-03-25,49.46
85,Concord,2020-03-26,48.02
86,Concord,2020-03-27,50.54
87,Concord,2020-03-28,52.7
88,Concord,2020-03-29,53.96
89,Concord,2020-03-30,55.22
90,Concord,2020-03-31,56.84
91,Concord,2020-04-01,56.12
92,Concord,2020-04-02,54.14
93,Concord,2020-04-03,55.04
94,Concord,2020-04-04,53.42
95,Concord,2020-04-05,53.78
96,Concord,2020-04-06,48.02
97,Concord,2020-04-07,48.38
98,Concord,2020-04-08,56.48
99,Concord,2020-04-09,56.84
100,Concord,2020-04-10,59.54
101,Concord,2020-04-11,57.02
102,Concord,2020-04-12,57.56
103,Concord,2020-04-13,60.08
104,Concord,2020-04-14,62.42
105,Concord,2020-04-15,65.12
106,Concord,2020-04-16,62.24
107,Concord,2020-04-17,58.28
108,Concord,2020-04-18,58.64
109,Concord,2020-04-19,57.74
110,Concord,2020-04-20,58.46
111,Concord,2020-04-21,59.72
112,Concord,2020-04-22,63.86
113,Concord,2020-04-23,69.44
114,Concord,2020-04-24,70.88
115,Concord,2020-04-25,72.5
116,Concord,2020-04-26,69.26
117,Concord,2020-04-27,66.92
118,Concord,2020-04-28,71.78
119,Concord,2020-04-29,66.92
120,Concord,2020-04-30,65.12
121,Concord,2020-05-01,64.76
122,Concord,2020-05-02,63.86
123,Concord,2020-05-03,62.24
124,Concord,2020-05-04,63.86
125,Concord,2020-05-05,66.56
126,Concord,2020-05-06,66.02
127,Concord,2020-05-07,71.06
128,Concord,2020-05-08,73.94
129,Concord,2020-05-09,69.62
130,Concord,2020-05-10,63.14
131,Concord,2020-05-11,61.34
132,Concord,2020-05-12,60.98
133,Concord,2020-05-13,59.54
134,Concord,2020-05-14,60.26
135,Concord,2020-05-15,63.68
136,Concord,2020-05-16,66.02
137,Concord,2020-05-17,66.02
138,Concord,2020-05-18,62.24
139,Concord,2020-05-19,60.62
140,Concord,2020-05-20,62.42
141,Concord,2020-05-21,66.2
142,Concord,2020-05-22,66.02
143,Concord,2020-05-23,67.46
144,Concord,2020-05-24,70.88
145,Concord,2020-05-25,78.44
146,Concord,2020-05-26,81.14
147,Concord,2020-05-27,84.92
148,Concord,2020-05-28,75.2
149,Concord,2020-05-29,67.82
150,Concord,2020-05-30,66.56
151,Concord,2020-05-31,64.76
152,Concord,2020-06-01,67.64
153,Concord,2020-06-02,75.56
154,Concord,2020-06-03,81.5
155,Concord,2020-06-04,80.6
156,Concord,2020-06-05,66.92
157,Concord,2020-06-06,63.32
158,Concord,2020-06-07,62.24
159,Concord,2020-06-08,65.66
160,Concord,2020-06-09,71.96
161,Concord,2020-06-10,77.54
162,Concord,2020-06-11,76.64
163,Concord,2020-06-12,68.0
164,Concord,2020-06-13,64.58
165,Concord,2020-06-14,67.28
166,Concord,2020-06-15,71.42
167,Concord,2020-06-16,67.28
168,Concord,2020-06-17,71.42
169,Concord,2020-06-18,77.54
170,Concord,2020-06-19,76.1
171,Concord,2020-06-20,69.08
172,Concord,2020-06-21,72.14
173,Concord,2020-06-22,72.14
174,Concord,2020-06-23,73.76
175,Concord,2020-06-24,71.6
176,Concord,2020-06-25,73.94
177,Concord,2020-06-26,73.76
178,Concord,2020-06-27,72.32
179,Concord,2020-06-28,64.58
180,Concord,2020-06-29,68.18
181,Concord,2020-06-30,74.48
182,Concord,2020-07-01,71.96
183,Concord,2020-07-02,67.46
184,Concord,2020-07-03,65.48
185,Concord,2020-07-04,73.22
186,Concord,2020-07-05,79.52
187,Concord,2020-07-06,73.22
188,Concord,2020-07-07,68.36
189,Concord,2020-07-08,75.74
190,Concord,2020-07-09,73.76
191,Concord,2020-07-10,79.88
192,Concord,2020-07-11,78.26
193,Concord,2020-07-12,79.52
194,Concord,2020-07-13,74.66
195,Concord,2020-07-14,68.54
196,Concord,2020-07-15,69.62
197,Concord,2020-07-16,68.18
198,Concord,2020-07-17,67.46
199,Concord,2020-07-18,69.08
200,Concord,2020-07-19,70.16
201,Concord,2020-07-20,66.74
202,Concord,2020-07-21,67.28
203,Concord,2020-07-22,66.92
204,Concord,2020-07-23,67.64
205,Concord,2020-07-24,69.26
206,Concord,2020-07-25,68.36
207,Concord,2020-07-26,71.06
208,Concord,2020-07-27,72.32
209,Concord,2020-07-28,71.06
210,Concord,2020-07-29,71.06
211,Concord,2020-07-30,70.88
212,Concord,2020-07-31,69.98
213,Concord,2020-08-01,72.5
214,Concord,2020-08-02,73.04
215,Concord,2020-08-03,77.72
216,Concord,2020-08-04,70.7
217,Concord,2020-08-05,64.04
218,Concord,2020-08-06,67.64
219,Concord,2020-08-07,70.88
220,Concord,2020-08-08,74.12
221,Concord,2020-08-09,75.02
222,Concord,2020-08-10,75.56
223,Concord,2020-08-11,68.72
224,Concord,2020-08-12,70.16
225,Concord,2020-08-13,76.64
226,Concord,2020-08-14,85.82
227,Concord,2020-08-15,88.34
228,Concord,2020-08-16,87.98
229,Concord,2020-08-17,85.28
230,Concord,2020-08-18,85.28
231,Concord,2020-08-19,87.44
232,Concord,2020-08-20,79.52
233,Concord,2020-08-21,76.1
234,Concord,2020-08-22,79.52
235,Concord,2020-08-23,77.9
236,Concord,2020-08-24,78.08
237,Concord,2020-08-25,73.58
238,Concord,2020-08-26,71.78
239,Concord,2020-08-27,65.84
240,Concord,2020-08-28,69.44
241,Concord,2020-08-29,69.08
242,Concord,2020-08-30,67.1
243,Concord,2020-08-31,68.54
244,Concord,2020-09-01,66.92
245,Concord,2020-09-02,66.56
246,Concord,2020-09-03,67.46
247,Concord,2020-09-04,70.34
248,Concord,2020-09-05,78.98
249,Concord,2020-09-06,87.98
250,Concord,2020-09-07,91.04
251,Concord,2020-09-08,82.58
252,Concord,2020-09-09,68.0
253,Concord,2020-09-10,62.42
254,Concord,2020-09-11,65.84
255,Concord,2020-09-12,70.88
256,Concord,2020-09-13,69.8
257,Concord,2020-09-14,66.56
258,Concord,2020-09-15,69.26
259,Concord,2020-09-16,72.32
260,Concord,2020-09-17,73.04
261,Concord,2020-09-18,71.42
262,Concord,2020-09-19,70.16
263,Concord,2020-09-20,74.66
264,Concord,2020-09-21,73.22
265,Concord,2020-09-22,71.42
266,Concord,2020-09-23,72.68
267,Concord,2020-09-24,73.4
268,Concord,2020-09-25,69.8
269,Concord,2020-09-26,72.86
270,Concord,2020-09-27,78.08
271,Concord,2020-09-28,82.58
272,Concord,2020-09-29,76.46
273,Concord,2020-09-30,72.32
274,Concord,2020-10-01,79.52
275,Concord,2020-10-02,76.64
276,Concord,2020-10-03,75.74
277,Concord,2020-10-04,74.3
278,Concord,2020-10-05,71.78
279,Concord,2020-10-06,71.24
280,Concord,2020-10-07,66.74
281,Concord,2020-10-08,63.32
282,Concord,2020-10-09,64.04
283,Concord,2020-10-10,66.74
284,Concord,2020-10-11,66.74
285,Concord,2020-10-12,69.08
286,Concord,2020-10-13,71.42
287,Concord,2020-10-14,75.38
288,Concord,2020-10-15,78.8
289,Concord,2020-10-16,80.06
290,Concord,2020-10-17,75.38
291,Concord,2020-10-18,73.94
292,Concord,2020-10-19,71.24
293,Concord,2020-10-20,70.7
294,Concord,2020-10-21,71.06
295,Concord,2020-10-22,69.8
296,Concord,2020-10-23,62.06
297,Concord,2020-10-24,59.54
298,Concord,2020-10-25,62.24
299,Concord,2020-10-26,64.76
300,Concord,2020-10-27,60.98
301,Concord,2020-10-28,58.64
302,Concord,2020-10-29,59.72
303,Concord,2020-10-30,59.36
304,Concord,2020-10-31,60.44
305,Concord,2020-11-01,61.34
306,Concord,2020-11-02,62.78
307,Concord,2020-11-03,61.88
308,Concord,2020-11-04,61.16
309,Concord,2020-11-05,65.66
310,Concord,2020-11-06,62.78
311,Concord,2020-11-07,54.5
312,Concord,2020-11-08,53.78
313,Concord,2020-11-09,45.86
314,Concord,2020-11-10,49.28
315,Concord,2020-11-11,55.58
316,Concord,2020-11-12,48.92
317,Concord,2020-11-13,53.24
318,Concord,2020-11-14,53.96
319,Concord,2020-11-15,52.7
320,Concord,2020-11-16,57.38
321,Concord,2020-11-17,56.12
322,Concord,2020-11-18,59.9
323,Concord,2020-11-19,53.42
324,Concord,2020-11-20,50.9
325,Concord,2020-11-21,49.1
326,Concord,2020-11-22,49.1
327,Concord,2020-11-23,55.22
328,Concord,2020-11-24,53.42
329,Concord,2020-11-25,55.22
330,Concord,2020-11-26,50.18
331,Concord,2020-11-27,52.16
332,Concord,2020-11-28,47.12
333,Concord,2020-11-29,47.66
334,Concord,2020-11-30,48.74
335,Concord,2020-12-01,50.36
336,Concord,2020-12-02,49.28
337,Concord,2020-12-03,49.46
338,Concord,2020-12-04,51.08
339,Concord,2020-12-05,48.02
340,Concord,2020-12-06,50.54
341,Concord,2020-12-07,54.32
342,Concord,2020-12-08,53.42
343,Concord,2020-12-09,49.64
344,Concord,2020-12-10,52.34
345,Concord,2020-12-11,50.9
346,Concord,2020-12-12,52.16
347,Concord,2020-12-13,50.54
348,Concord,2020-12-14,50.18
349,Concord,2020-12-15,48.02
350,Concord,2020-12-16,46.58
351,Concord,2020-12-17,54.14
352,Concord,2020-12-18,47.66
353,Concord,2020-12-19,44.24
354,Concord,2020-12-20,43.34
355,Concord,2020-12-21,41.18
356,Concord,2020-12-22,46.58
357,Concord,2020-12-23,46.94
358,Concord,2020-12-24,44.96
359,Concord,2020-12-25,46.58
360,Concord,2020-12-26,55.76
361,Concord,2020-12-27,48.38
362,Concord,2020-12-28,49.64
363,Concord,2020-12-29,47.3
364,Concord,2020-12-30,46.04
365,Concord,2020-12-31,51.8
0,LA,2020-01-01,60.62
1,LA,2020-01-02,57.92
2,LA,2020-01-03,60.08
3,LA,2020-01-04,58.82
4,LA,2020-01-05,57.74
5,LA,2020-01-06,61.34
6,LA,2020-01-07,66.02
7,LA,2020-01-08,58.28
8,LA,2020-01-09,57.02
9,LA,2020-01-10,56.66
10,LA,2020-01-11,55.94
11,LA,2020-01-12,55.94
12,LA,2020-01-13,56.12
13,LA,2020-01-14,55.22
14,LA,2020-01-15,55.22
15,LA,2020-01-16,55.94
16,LA,2020-01-17,55.04
17,LA,2020-01-18,57.56
18,LA,2020-01-19,61.88
19,LA,2020-01-20,60.62
20,LA,2020-01-21,59.54
21,LA,2020-01-22,57.2
22,LA,2020-01-23,59.36
23,LA,2020-01-24,60.98
24,LA,2020-01-25,57.92
25,LA,2020-01-26,58.46
26,LA,2020-01-27,57.74
27,LA,2020-01-28,64.4
28,LA,2020-01-29,67.28
29,LA,2020-01-30,65.84
30,LA,2020-01-31,63.14
31,LA,2020-02-01,67.28
32,LA,2020-02-02,62.24
33,LA,2020-02-03,57.38
34,LA,2020-02-04,53.42
35,LA,2020-02-05,53.42
36,LA,2020-02-06,55.22
37,LA,2020-02-07,56.12
38,LA,2020-02-08,57.2
39,LA,2020-02-09,57.2
40,LA,2020-02-10,60.62
41,LA,2020-02-11,64.76
42,LA,2020-02-12,58.82
43,LA,2020-02-13,57.92
44,LA,2020-02-14,57.56
45,LA,2020-02-15,57.02
46,LA,2020-02-16,58.28
47,LA,2020-02-17,57.56
48,LA,2020-02-18,59.9
49,LA,2020-02-19,61.52
50,LA,2020-02-20,61.16
51,LA,2020-02-21,64.04
52,LA,2020-02-22,61.88
53,LA,2020-02-23,60.08
54,LA,2020-02-24,58.82
55,LA,2020-02-25,62.06
56,LA,2020-02-26,68.36
57,LA,2020-02-27,69.62
58,LA,2020-02-28,72.86
59,LA,2020-02-29,65.12
60,LA,2020-03-01,59.9
61,LA,2020-03-02,58.28
62,LA,2020-03-03,69.08
63,LA,2020-03-04,62.06
64,LA,2020-03-05,60.44
65,LA,2020-03-06,60.26
66,LA,2020-03-07,59.36
67,LA,2020-03-08,58.46
68,LA,2020-03-09,60.08
69,LA,2020-03-10,62.96
70,LA,2020-03-11,64.22
71,LA,2020-03-12,60.44
72,LA,2020-03-13,56.66
73,LA,2020-03-14,58.46
74,LA,2020-03-15,59.0
75,LA,2020-03-16,59.18
76,LA,2020-03-17,53.96
77,LA,2020-03-18,54.86
78,LA,2020-03-19,57.56
79,LA,2020-03-20,57.38
80,LA,2020-03-21,60.62
81,LA,2020-03-22,60.08
82,LA,2020-03-23,60.08
83,LA,2020-03-24,58.82
84,LA,2020-03-25,59.36
85,LA,2020-03-26,56.66
86,LA,2020-03-27,57.02
87,LA,2020-03-28,57.74
88,LA,2020-03-29,58.64
89,LA,2020-03-30,60.26
90,LA,2020-03-31,61.88
91,LA,2020-04-01,63.14
92,LA,2020-04-02,62.96
93,LA,2020-04-03,61.52
94,LA,2020-04-04,60.26
95,LA,2020-04-05,60.44
96,LA,2020-04-06,59.0
97,LA,2020-04-07,59.36
98,LA,2020-04-08,55.22
99,LA,2020-04-09,55.04
100,LA,2020-04-10,55.22
101,LA,2020-04-11,59.54
102,LA,2020-04-12,60.26
103,LA,2020-04-13,60.62
104,LA,2020-04-14,60.26
105,LA,2020-04-15,65.48
106,LA,2020-04-16,63.68
107,LA,2020-04-17,60.62
108,LA,2020-04-18,62.42
109,LA,2020-04-19,61.7
110,LA,2020-04-20,61.88
111,LA,2020-04-21,62.24
112,LA,2020-04-22,64.58
113,LA,2020-04-23,71.6
114,LA,2020-04-24,71.06
115,LA,2020-04-25,73.22
116,LA,2020-04-26,66.74
117,LA,2020-04-27,66.38
118,LA,2020-04-28,67.64
119,LA,2020-04-29,64.94
120,LA,2020-04-30,64.58
121,LA,2020-05-01,65.3
122,LA,2020-05-02,67.1
123,LA,2020-05-03,65.84
124,LA,2020-05-04,66.38
125,LA,2020-05-05,70.34
126,LA,2020-05-06,72.5
127,LA,2020-05-07,74.12
128,LA,2020-05-08,70.88
129,LA,2020-05-09,68.54
130,LA,2020-05-10,65.66
131,LA,2020-05-11,65.48
132,LA,2020-05-12,64.4
133,LA,2020-05-13,65.12
134,LA,2020-05-14,65.66
135,LA,2020-05-15,65.12
136,LA,2020-05-16,66.2
137,LA,2020-05-17,66.2
138,LA,2020-05-18,64.22
139,LA,2020-05-19,61.88
140,LA,2020-05-20,61.88
141,LA,2020-05-21,64.04
142,LA,2020-05-22,65.66
143,LA,2020-05-23,64.22
144,LA,2020-05-24,63.5
145,LA,2020-05-25,62.96
146,LA,2020-05-26,63.14
147,LA,2020-05-27,61.88
148,LA,2020-05-28,62.06
149,LA,2020-05-29,62.24
150,LA,2020-05-30,64.22
151,LA,2020-05-31,63.68
152,LA,2020-06-01,64.94
153,LA,2020-06-02,67.28
154,LA,2020-06-03,66.92
155,LA,2020-06-04,66.92
156,LA,2020-06-05,66.56
157,LA,2020-06-06,64.94
158,LA,2020-06-07,64.76
159,LA,2020-06-08,71.42
160,LA,2020-06-09,77.9
161,LA,2020-06-10,77.54
162,LA,2020-06-11,71.96
163,LA,2020-06-12,65.12
164,LA,2020-06-13,64.94
165,LA,2020-06-14,65.48
166,LA,2020-06-15,66.56
167,LA,2020-06-16,65.84
168,LA,2020-06-17,66.92
169,LA,2020-06-18,65.12
170,LA,2020-06-19,65.66
171,LA,2020-06-20,64.58
172,LA,2020-06-21,65.84
173,LA,2020-06-22,66.38
174,LA,2020-06-23,65.3
175,LA,2020-06-24,64.22
176,LA,2020-06-25,64.94
177,LA,2020-06-26,64.94
178,LA,2020-06-27,64.58
179,LA,2020-06-28,65.84
180,LA,2020-06-29,65.66
181,LA,2020-06-30,65.48
182,LA,2020-07-01,65.48
183,LA,2020-07-02,66.92
184,LA,2020-07-03,65.84
185,LA,2020-07-04,68.0
186,LA,2020-07-05,69.98
187,LA,2020-07-06,69.98
188,LA,2020-07-07,69.98
189,LA,2020-07-08,68.72
190,LA,2020-07-09,68.18
191,LA,2020-07-10,67.82
192,LA,2020-07-11,69.26
193,LA,2020-07-12,72.68
194,LA,2020-07-13,71.42
195,LA,2020-07-14,68.9
196,LA,2020-07-15,67.28
197,LA,2020-07-16,66.2
198,LA,2020-07-17,67.46
199,LA,2020-07-18,66.56
200,LA,2020-07-19,64.94
201,LA,2020-07-20,64.94
202,LA,2020-07-21,65.66
203,LA,2020-07-22,63.14
204,LA,2020-07-23,64.94
205,LA,2020-07-24,65.66
206,LA,2020-07-25,65.84
207,LA,2020-07-26,63.68
208,LA,2020-07-27,63.68
209,LA,2020-07-28,63.14
210,LA,2020-07-29,64.4
211,LA,2020-07-30,62.24
212,LA,2020-07-31,67.28
213,LA,2020-08-01,68.54
214,LA,2020-08-02,69.44
215,LA,2020-08-03,68.54
216,LA,2020-08-04,68.18
217,LA,2020-08-05,67.46
218,LA,2020-08-06,66.56
219,LA,2020-08-07,66.74
220,LA,2020-08-08,66.38
221,LA,2020-08-09,65.48
222,LA,2020-08-10,64.94
223,LA,2020-08-11,63.68
224,LA,2020-08-12,64.76
225,LA,2020-08-13,70.16
226,LA,2020-08-14,73.58
227,LA,2020-08-15,74.84
228,LA,2020-08-16,77.54
229,LA,2020-08-17,72.32
230,LA,2020-08-18,74.48
231,LA,2020-08-19,77.18
232,LA,2020-08-20,76.46
233,LA,2020-08-21,74.84
234,LA,2020-08-22,77.0
235,LA,2020-08-23,77.0
236,LA,2020-08-24,71.96
237,LA,2020-08-25,70.88
238,LA,2020-08-26,69.8
239,LA,2020-08-27,71.42
240,LA,2020-08-28,68.72
241,LA,2020-08-29,65.84
242,LA,2020-08-30,66.56
243,LA,2020-08-31,66.92
244,LA,2020-09-01,67.28
245,LA,2020-09-02,66.74
246,LA,2020-09-03,67.82
247,LA,2020-09-04,69.44
248,LA,2020-09-05,72.68
249,LA,2020-09-06,83.12
250,LA,2020-09-07,79.16
251,LA,2020-09-08,73.22
252,LA,2020-09-09,70.34
253,LA,2020-09-10,65.66
254,LA,2020-09-11,66.56
255,LA,2020-09-12,67.46
256,LA,2020-09-13,66.02
257,LA,2020-09-14,67.64
258,LA,2020-09-15,68.72
259,LA,2020-09-16,69.98
260,LA,2020-09-17,70.52
261,LA,2020-09-18,71.78
262,LA,2020-09-19,71.24
263,LA,2020-09-20,66.74
264,LA,2020-09-21,67.46
265,LA,2020-09-22,67.28
266,LA,2020-09-23,67.46
267,LA,2020-09-24,68.36
268,LA,2020-09-25,68.36
269,LA,2020-09-26,69.08
270,LA,2020-09-27,69.08
271,LA,2020-09-28,69.08
272,LA,2020-09-29,68.36
273,LA,2020-09-30,74.3
274,LA,2020-10-01,78.08
275,LA,2020-10-02,76.28
276,LA,2020-10-03,75.02
277,LA,2020-10-04,70.52
278,LA,2020-10-05,71.06
279,LA,2020-10-06,69.44
280,LA,2020-10-07,67.82
281,LA,2020-10-08,68.0
282,LA,2020-10-09,67.28
283,LA,2020-10-10,68.18
284,LA,2020-10-11,67.1
285,LA,2020-10-12,69.62
286,LA,2020-10-13,73.58
287,LA,2020-10-14,73.4
288,LA,2020-10-15,73.22
289,LA,2020-10-16,70.52
290,LA,2020-10-17,70.52
291,LA,2020-10-18,68.18
292,LA,2020-10-19,67.28
293,LA,2020-10-20,66.56
294,LA,2020-10-21,66.38
295,LA,2020-10-22,67.46
296,LA,2020-10-23,66.74
297,LA,2020-10-24,65.66
298,LA,2020-10-25,64.94
299,LA,2020-10-26,63.32
300,LA,2020-10-27,64.22
301,LA,2020-10-28,64.04
302,LA,2020-10-29,63.32
303,LA,2020-10-30,63.86
304,LA,2020-10-31,62.96
305,LA,2020-11-01,63.68
306,LA,2020-11-02,62.78
307,LA,2020-11-03,61.7
308,LA,2020-11-04,63.68
309,LA,2020-11-05,68.36
310,LA,2020-11-06,68.36
311,LA,2020-11-07,58.82
312,LA,2020-11-08,55.76
313,LA,2020-11-09,53.96
314,LA,2020-11-10,53.96
315,LA,2020-11-11,54.68
316,LA,2020-11-12,56.12
317,LA,2020-11-13,55.94
318,LA,2020-11-14,56.84
319,LA,2020-11-15,62.24
320,LA,2020-11-16,71.06
321,LA,2020-11-17,63.86
322,LA,2020-11-18,57.92
323,LA,2020-11-19,59.18
324,LA,2020-11-20,56.84
325,LA,2020-11-21,60.08
326,LA,2020-11-22,58.82
327,LA,2020-11-23,55.76
328,LA,2020-11-24,57.56
329,LA,2020-11-25,57.02
330,LA,2020-11-26,57.02
331,LA,2020-11-27,57.74
332,LA,2020-11-28,59.18
333,LA,2020-11-29,59.0
334,LA,2020-11-30,60.08
335,LA,2020-12-01,59.0
336,LA,2020-12-02,59.54
337,LA,2020-12-03,60.62
338,LA,2020-12-04,60.62
339,LA,2020-12-05,56.12
340,LA,2020-12-06,56.3
341,LA,2020-12-07,56.12
342,LA,2020-12-08,67.64
343,LA,2020-12-09,64.04
344,LA,2020-12-10,57.02
345,LA,2020-12-11,55.94
346,LA,2020-12-12,54.5
347,LA,2020-12-13,58.64
348,LA,2020-12-14,59.54
349,LA,2020-12-15,57.02
350,LA,2020-12-16,58.46
351,LA,2020-12-17,55.94
352,LA,2020-12-18,56.3
353,LA,2020-12-19,57.2
354,LA,2020-12-20,59.54
355,LA,2020-12-21,62.78
356,LA,2020-12-22,58.64
357,LA,2020-12-23,55.58
358,LA,2020-12-24,60.26
359,LA,2020-12-25,59.54
360,LA,2020-12-26,55.76
361,LA,2020-12-27,56.66
362,LA,2020-12-28,52.7
363,LA,2020-12-29,49.46
364,LA,2020-12-30,55.76
365,LA,2020-12-31,54.32
0,NYC,2020-01-01,39.74
1,NYC,2020-01-02,39.74
2,NYC,2020-01-03,46.58
3,NYC,2020-01-04,47.12
4,NYC,2020-01-05,40.28
5,NYC,2020-01-06,37.22
6,NYC,2020-01-07,41.18
7,NYC,2020-01-08,36.5
8,NYC,2020-01-09,28.76
9,NYC,2020-01-10,40.1
10,NYC,2020-01-11,54.86
11,NYC,2020-01-12,60.26
12,NYC,2020-01-13,42.98
13,NYC,2020-01-14,41.18
14,NYC,2020-01-15,44.42
15,NYC,2020-01-16,44.96
16,NYC,2020-01-17,29.3
17,NYC,2020-01-18,23.54
18,NYC,2020-01-19,38.66
19,NYC,2020-01-20,27.32
20,NYC,2020-01-21,25.88
21,NYC,2020-01-22,31.1
22,NYC,2020-01-23,37.94
23,NYC,2020-01-24,40.64
24,NYC,2020-01-25,41.36
25,NYC,2020-01-26,42.62
26,NYC,2020-01-27,40.46
27,NYC,2020-01-28,39.56
28,NYC,2020-01-29,36.14
29,NYC,2020-01-30,30.74
30,NYC,2020-01-31,35.6
31,NYC,2020-02-01,38.84
32,NYC,2020-02-02,39.02
33,NYC,2020-02-03,44.06
34,NYC,2020-02-04,46.4
35,NYC,2020-02-05,44.42
36,NYC,2020-02-06,38.3
37,NYC,2020-02-07,40.46
38,NYC,2020-02-08,34.34
39,NYC,2020-02-09,34.88
40,NYC,2020-02-10,43.34
41,NYC,2020-02-11,43.88
42,NYC,2020-02-12,42.44
43,NYC,2020-02-13,39.38
44,NYC,2020-02-14,34.88
45,NYC,2020-02-15,21.56
46,NYC,2020-02-16,34.16
47,NYC,2020-02-17,43.34
48,NYC,2020-02-18,40.64
49,NYC,2020-02-19,43.52
50,NYC,2020-02-20,33.26
51,NYC,2020-02-21,28.22
52,NYC,2020-02-22,38.12
53,NYC,2020-02-23,46.58
54,NYC,2020-02-24,48.92
55,NYC,2020-02-25,49.1
56,NYC,2020-02-26,44.78
57,NYC,2020-02-27,42.8
58,NYC,2020-02-28,34.52
59,NYC,2020-02-29,33.62
60,NYC,2020-03-01,32.18
61,NYC,2020-03-02,45.32
62,NYC,2020-03-03,53.24
63,NYC,2020-03-04,51.44
64,NYC,2020-03-05,46.4
65,NYC,2020-03-06,42.44
66,NYC,2020-03-07,40.64
67,NYC,2020-03-08,44.78
68,NYC,2020-03-09,57.56
69,NYC,2020-03-10,60.98
70,NYC,2020-03-11,53.06
71,NYC,2020-03-12,45.86
72,NYC,2020-03-13,53.06
73,NYC,2020-03-14,50.9
74,NYC,2020-03-15,47.12
75,NYC,2020-03-16,40.28
76,NYC,2020-03-17,45.14
77,NYC,2020-03-18,48.74
78,NYC,2020-03-19,46.04
79,NYC,2020-03-20,54.68
80,NYC,2020-03-21,54.14
81,NYC,2020-03-22,39.74
82,NYC,2020-03-23,38.66
83,NYC,2020-03-24,43.16
84,NYC,2020-03-25,43.52
85,NYC,2020-03-26,45.68
86,NYC,2020-03-27,55.94
87,NYC,2020-03-28,49.1
88,NYC,2020-03-29,45.14
89,NYC,2020-03-30,45.68
90,NYC,2020-03-31,44.78
91,NYC,2020-04-01,45.14
92,NYC,2020-04-02,48.74
93,NYC,2020-04-03,49.82
94,NYC,2020-04-04,51.62
95,NYC,2020-04-05,51.98
96,NYC,2020-04-06,54.68
97,NYC,2020-04-07,57.92
98,NYC,2020-04-08,55.22
99,NYC,2020-04-09,52.16
100,NYC,2020-04-10,45.32
101,NYC,2020-04-11,46.4
102,NYC,2020-04-12,52.52
103,NYC,2020-04-13,56.84
104,NYC,2020-04-14,55.58
105,NYC,2020-04-15,48.56
106,NYC,2020-04-16,47.12
107,NYC,2020-04-17,43.52
108,NYC,2020-04-18,44.24
109,NYC,2020-04-19,50.18
110,NYC,2020-04-20,53.96
111,NYC,2020-04-21,51.98
112,NYC,2020-04-22,43.7
113,NYC,2020-04-23,45.32
114,NYC,2020-04-24,46.76
115,NYC,2020-04-25,52.34
116,NYC,2020-04-26,49.1
117,NYC,2020-04-27,44.96
118,NYC,2020-04-28,50.72
119,NYC,2020-04-29,51.08
120,NYC,2020-04-30,54.68
121,NYC,2020-05-01,58.28
122,NYC,2020-05-02,61.88
123,NYC,2020-05-03,67.46
124,NYC,2020-05-04,67.1
125,NYC,2020-05-05,53.78
126,NYC,2020-05-06,51.62
127,NYC,2020-05-07,54.68
128,NYC,2020-05-08,53.06
129,NYC,2020-05-09,42.26
130,NYC,2020-05-10,50.36
131,NYC,2020-05-11,55.76
132,NYC,2020-05-12,51.08
133,NYC,2020-05-13,52.34
134,NYC,2020-05-14,56.66
135,NYC,2020-05-15,70.34
136,NYC,2020-05-16,71.78
137,NYC,2020-05-17,61.34
138,NYC,2020-05-18,59.36
139,NYC,2020-05-19,60.44
140,NYC,2020-05-20,57.02
141,NYC,2020-05-21,55.58
142,NYC,2020-05-22,63.68
143,NYC,2020-05-23,63.14
144,NYC,2020-05-24,58.64
145,NYC,2020-05-25,60.44
146,NYC,2020-05-26,64.94
147,NYC,2020-05-27,66.56
148,NYC,2020-05-28,68.36
149,NYC,2020-05-29,71.6
150,NYC,2020-05-30,72.68
151,NYC,2020-05-31,67.46
152,NYC,2020-06-01,62.06
153,NYC,2020-06-02,68.36
154,NYC,2020-06-03,72.68
155,NYC,2020-06-04,77.18
156,NYC,2020-06-05,75.02
157,NYC,2020-06-06,77.36
158,NYC,2020-06-07,72.86
159,NYC,2020-06-08,71.42
160,NYC,2020-06-09,78.62
161,NYC,2020-06-10,77.54
162,NYC,2020-06-11,73.76
163,NYC,2020-06-12,77.9
164,NYC,2020-06-13,70.88
165,NYC,2020-06-14,64.94
166,NYC,2020-06-15,68.0
167,NYC,2020-06-16,69.8
168,NYC,2020-06-17,69.98
169,NYC,2020-06-18,70.16
170,NYC,2020-06-19,74.48
171,NYC,2020-06-20,78.26
172,NYC,2020-06-21,79.34
173,NYC,2020-06-22,82.04
174,NYC,2020-06-23,81.32
175,NYC,2020-06-24,80.42
176,NYC,2020-06-25,81.14
177,NYC,2020-06-26,79.88
178,NYC,2020-06-27,80.42
179,NYC,2020-06-28,81.86
180,NYC,2020-06-29,79.16
181,NYC,2020-06-30,74.12
182,NYC,2020-07-01,74.3
183,NYC,2020-07-02,80.06
184,NYC,2020-07-03,84.02
185,NYC,2020-07-04,75.92
186,NYC,2020-07-05,81.14
187,NYC,2020-07-06,83.84
188,NYC,2020-07-07,75.38
189,NYC,2020-07-08,80.96
190,NYC,2020-07-09,83.12
191,NYC,2020-07-10,76.82
192,NYC,2020-07-11,79.52
193,NYC,2020-07-12,82.4
194,NYC,2020-07-13,82.94
195,NYC,2020-07-14,81.14
196,NYC,2020-07-15,77.36
197,NYC,2020-07-16,75.02
198,NYC,2020-07-17,75.92
199,NYC,2020-07-18,82.58
200,NYC,2020-07-19,87.08
201,NYC,2020-07-20,88.7
202,NYC,2020-07-21,87.08
203,NYC,2020-07-22,84.56
204,NYC,2020-07-23,81.14
205,NYC,2020-07-24,79.52
206,NYC,2020-07-25,82.04
207,NYC,2020-07-26,86.9
208,NYC,2020-07-27,89.96
209,NYC,2020-07-28,89.96
210,NYC,2020-07-29,84.56
211,NYC,2020-07-30,87.08
212,NYC,2020-07-31,78.08
213,NYC,2020-08-01,81.32
214,NYC,2020-08-02,82.4
215,NYC,2020-08-03,86.18
216,NYC,2020-08-04,78.62
217,NYC,2020-08-05,82.4
218,NYC,2020-08-06,78.8
219,NYC,2020-08-07,75.74
220,NYC,2020-08-08,76.64
221,NYC,2020-08-09,79.88
222,NYC,2020-08-10,84.74
223,NYC,2020-08-11,84.56
224,NYC,2020-08-12,82.76
225,NYC,2020-08-13,78.98
226,NYC,2020-08-14,79.34
227,NYC,2020-08-15,78.44
228,NYC,2020-08-16,71.96
229,NYC,2020-08-17,73.22
230,NYC,2020-08-18,75.2
231,NYC,2020-08-19,73.94
232,NYC,2020-08-20,74.12
233,NYC,2020-08-21,78.08
234,NYC,2020-08-22,82.22
235,NYC,2020-08-23,82.04
236,NYC,2020-08-24,84.02
237,NYC,2020-08-25,84.74
238,NYC,2020-08-26,75.56
239,NYC,2020-08-27,80.42
240,NYC,2020-08-28,80.24
241,NYC,2020-08-29,77.72
242,NYC,2020-08-30,76.46
243,NYC,2020-08-31,71.96
244,NYC,2020-09-01,73.76
245,NYC,2020-09-02,74.84
246,NYC,2020-09-03,79.88
247,NYC,2020-09-04,78.62
248,NYC,2020-09-05,75.56
249,NYC,2020-09-06,75.74
250,NYC,2020-09-07,75.38
251,NYC,2020-09-08,75.92
252,NYC,2020-09-09,75.38
253,NYC,2020-09-10,78.26
254,NYC,2020-09-11,75.92
255,NYC,2020-09-12,68.36
256,NYC,2020-09-13,69.62
257,NYC,2020-09-14,74.3
258,NYC,2020-09-15,62.24
259,NYC,2020-09-16,65.66
260,NYC,2020-09-17,71.24
261,NYC,2020-09-18,68.72
262,NYC,2020-09-19,59.18
263,NYC,2020-09-20,58.64
264,NYC,2020-09-21,59.36
265,NYC,2020-09-22,62.78
266,NYC,2020-09-23,69.8
267,NYC,2020-09-24,72.86
268,NYC,2020-09-25,71.42
269,NYC,2020-09-26,71.06
270,NYC,2020-09-27,72.68
271,NYC,2020-09-28,73.58
272,NYC,2020-09-29,71.78
273,NYC,2020-09-30,68.9
274,NYC,2020-10-01,67.28
275,NYC,2020-10-02,63.68
276,NYC,2020-10-03,61.52
277,NYC,2020-10-04,60.62
278,NYC,2020-10-05,62.42
279,NYC,2020-10-06,64.22
280,NYC,2020-10-07,67.64
281,NYC,2020-10-08,61.88
282,NYC,2020-10-09,60.98
283,NYC,2020-10-10,66.02
284,NYC,2020-10-11,67.28
285,NYC,2020-10-12,55.76
286,NYC,2020-10-13,57.2
287,NYC,2020-10-14,61.16
288,NYC,2020-10-15,64.94
289,NYC,2020-10-16,60.98
290,NYC,2020-10-17,53.78
291,NYC,2020-10-18,56.84
292,NYC,2020-10-19,59.36
293,NYC,2020-10-20,64.22
294,NYC,2020-10-21,64.94
295,NYC,2020-10-22,66.74
296,NYC,2020-10-23,66.2
297,NYC,2020-10-24,65.3
298,NYC,2020-10-25,51.26
299,NYC,2020-10-26,54.68
300,NYC,2020-10-27,57.74
301,NYC,2020-10-28,55.76
302,NYC,2020-10-29,54.86
303,NYC,2020-10-30,43.52
304,NYC,2020-10-31,40.46
305,NYC,2020-11-01,50.36
306,NYC,2020-11-02,45.32
307,NYC,2020-11-03,47.3
308,NYC,2020-11-04,51.08
309,NYC,2020-11-05,58.82
310,NYC,2020-11-06,62.06
311,NYC,2020-11-07,65.84
312,NYC,2020-11-08,66.2
313,NYC,2020-11-09,62.96
314,NYC,2020-11-10,65.48
315,NYC,2020-11-11,66.02
316,NYC,2020-11-12,60.98
317,NYC,2020-11-13,49.64
318,NYC,2020-11-14,50.54
319,NYC,2020-11-15,50.0
320,NYC,2020-11-16,54.5
321,NYC,2020-11-17,48.56
322,NYC,2020-11-18,37.58
323,NYC,2020-11-19,38.66
324,NYC,2020-11-20,52.52
325,NYC,2020-11-21,59.36
326,NYC,2020-11-22,50.18
327,NYC,2020-11-23,55.76
328,NYC,2020-11-24,46.4
329,NYC,2020-11-25,49.64
330,NYC,2020-11-26,58.82
331,NYC,2020-11-27,58.82
332,NYC,2020-11-28,53.78
333,NYC,2020-11-29,48.92
334,NYC,2020-11-30,55.94
335,NYC,2020-12-01,55.76
336,NYC,2020-12-02,41.72
337,NYC,2020-12-03,43.16
338,NYC,2020-12-04,49.82
339,NYC,2020-12-05,46.22
340,NYC,2020-12-06,40.64
341,NYC,2020-12-07,37.22
342,NYC,2020-12-08,34.88
343,NYC,2020-12-09,36.32
344,NYC,2020-12-10,43.52
345,NYC,2020-12-11,46.76
346,NYC,2020-12-12,49.64
347,NYC,2020-12-13,55.76
348,NYC,2020-12-14,44.24
349,NYC,2020-12-15,38.48
350,NYC,2020-12-16,31.46
351,NYC,2020-12-17,30.38
352,NYC,2020-12-18,30.02
353,NYC,2020-12-19,28.94
354,NYC,2020-12-20,34.88
355,NYC,2020-12-21,40.82
356,NYC,2020-12-22,42.98
357,NYC,2020-12-23,42.44
358,NYC,2020-12-24,50.18
359,NYC,2020-12-25,56.48
360,NYC,2020-12-26,31.1
361,NYC,2020-12-27,31.64
362,NYC,2020-12-28,42.98
363,NYC,2020-12-29,42.08
364,NYC,2020-12-30,35.24
365,NYC,2020-12-31,45.86
0,Seattle,2020-01-01,51.08
1,Seattle,2020-01-02,45.14
2,Seattle,2020-01-03,48.02
3,Seattle,2020-01-04,46.94
4,Seattle,2020-01-05,44.24
5,Seattle,2020-01-06,44.78
6,Seattle,2020-01-07,50.9
7,Seattle,2020-01-08,45.14
8,Seattle,2020-01-09,35.96
9,Seattle,2020-01-10,38.12
10,Seattle,2020-01-11,44.24
11,Seattle,2020-01-12,41.54
12,Seattle,2020-01-13,35.42
13,Seattle,2020-01-14,30.38
14,Seattle,2020-01-15,35.06
15,Seattle,2020-01-16,41.18
16,Seattle,2020-01-17,37.22
17,Seattle,2020-01-18,41.72
18,Seattle,2020-01-19,48.2
19,Seattle,2020-01-20,50.18
20,Seattle,2020-01-21,48.74
21,Seattle,2020-01-22,45.32
22,Seattle,2020-01-23,50.9
23,Seattle,2020-01-24,50.9
24,Seattle,2020-01-25,48.02
25,Seattle,2020-01-26,49.46
26,Seattle,2020-01-27,47.66
27,Seattle,2020-01-28,47.48
28,Seattle,2020-01-29,47.84
29,Seattle,2020-01-30,46.22
30,Seattle,2020-01-31,51.26
31,Seattle,2020-02-01,52.52
32,Seattle,2020-02-02,38.84
33,Seattle,2020-02-03,37.94
34,Seattle,2020-02-04,35.42
35,Seattle,2020-02-05,43.16
36,Seattle,2020-02-06,49.28
37,Seattle,2020-02-07,47.48
38,Seattle,2020-02-08,45.5
39,Seattle,2020-02-09,42.62
40,Seattle,2020-02-10,41.72
41,Seattle,2020-02-11,41.0
42,Seattle,2020-02-12,45.68
43,Seattle,2020-02-13,43.34
44,Seattle,2020-02-14,44.24
45,Seattle,2020-02-15,44.06
46,Seattle,2020-02-16,43.34
47,Seattle,2020-02-17,41.0
48,Seattle,2020-02-18,39.92
49,Seattle,2020-02-19,40.82
50,Seattle,2020-02-20,48.38
51,Seattle,2020-02-21,45.32
52,Seattle,2020-02-22,44.6
53,Seattle,2020-02-23,44.6
54,Seattle,2020-02-24,43.34
55,Seattle,2020-02-25,42.62
56,Seattle,2020-02-26,46.94
57,Seattle,2020-02-27,46.76
58,Seattle,2020-02-28,44.6
59,Seattle,2020-02-29,43.88
60,Seattle,2020-03-01,39.74
61,Seattle,2020-03-02,43.88
62,Seattle,2020-03-03,48.56
63,Seattle,2020-03-04,46.04
64,Seattle,2020-03-05,45.86
65,Seattle,2020-03-06,43.16
66,Seattle,2020-03-07,41.54
67,Seattle,2020-03-08,40.46
68,Seattle,2020-03-09,40.46
69,Seattle,2020-03-10,42.98
70,Seattle,2020-03-11,46.76
71,Seattle,2020-03-12,44.42
72,Seattle,2020-03-13,40.64
73,Seattle,2020-03-14,37.76
74,Seattle,2020-03-15,36.86
75,Seattle,2020-03-16,43.16
76,Seattle,2020-03-17,44.24
77,Seattle,2020-03-18,44.24
78,Seattle,2020-03-19,47.12
79,Seattle,2020-03-20,50.54
80,Seattle,2020-03-21,48.02
81,Seattle,2020-03-22,47.3
82,Seattle,2020-03-23,45.5
83,Seattle,2020-03-24,43.34
84,Seattle,2020-03-25,42.08
85,Seattle,2020-03-26,43.34
86,Seattle,2020-03-27,45.32
87,Seattle,2020-03-28,48.74
88,Seattle,2020-03-29,49.28
89,Seattle,2020-03-30,46.94
90,Seattle,2020-03-31,42.98
91,Seattle,2020-04-01,43.16
92,Seattle,2020-04-02,43.34
93,Seattle,2020-04-03,43.16
94,Seattle,2020-04-04,42.26
95,Seattle,2020-04-05,48.38
96,Seattle,2020-04-06,48.74
97,Seattle,2020-04-07,48.38
98,Seattle,2020-04-08,50.0
99,Seattle,2020-04-09,53.96
100,Seattle,2020-04-10,55.04
101,Seattle,2020-04-11,50.72
102,Seattle,2020-04-12,49.64
103,Seattle,2020-04-13,50.18
104,Seattle,2020-04-14,53.06
105,Seattle,2020-04-15,53.96
106,Seattle,2020-04-16,56.84
107,Seattle,2020-04-17,57.38
108,Seattle,2020-04-18,54.32
109,Seattle,2020-04-19,53.42
110,Seattle,2020-04-20,55.22
111,Seattle,2020-04-21,53.06
112,Seattle,2020-04-22,51.62
113,Seattle,2020-04-23,51.62
114,Seattle,2020-04-24,53.24
115,Seattle,2020-04-25,55.58
116,Seattle,2020-04-26,53.06
117,Seattle,2020-04-27,55.04
118,Seattle,2020-04-28,53.42
119,Seattle,2020-04-29,55.94
120,Seattle,2020-04-30,54.86
121,Seattle,2020-05-01,52.34
122,Seattle,2020-05-02,56.66
123,Seattle,2020-05-03,49.1
124,Seattle,2020-05-04,51.44
125,Seattle,2020-05-05,57.2
126,Seattle,2020-05-06,56.66
127,Seattle,2020-05-07,54.68
128,Seattle,2020-05-08,62.42
129,Seattle,2020-05-09,73.22
130,Seattle,2020-05-10,75.74
131,Seattle,2020-05-11,68.54
132,Seattle,2020-05-12,56.66
133,Seattle,2020-05-13,55.76
134,Seattle,2020-05-14,55.76
135,Seattle,2020-05-15,57.92
136,Seattle,2020-05-16,58.82
137,Seattle,2020-05-17,57.74
138,Seattle,2020-05-18,58.46
139,Seattle,2020-05-19,57.74
140,Seattle,2020-05-20,54.86
141,Seattle,2020-05-21,52.52
142,Seattle,2020-05-22,51.62
143,Seattle,2020-05-23,53.96
144,Seattle,2020-05-24,57.92
145,Seattle,2020-05-25,60.44
146,Seattle,2020-05-26,57.02
147,Seattle,2020-05-27,60.62
148,Seattle,2020-05-28,67.46
149,Seattle,2020-05-29,69.62
150,Seattle,2020-05-30,59.54
151,Seattle,2020-05-31,52.88
152,Seattle,2020-06-01,57.02
153,Seattle,2020-06-02,58.82
154,Seattle,2020-06-03,56.12
155,Seattle,2020-06-04,59.0
156,Seattle,2020-06-05,58.28
157,Seattle,2020-06-06,57.38
158,Seattle,2020-06-07,54.5
159,Seattle,2020-06-08,57.2
160,Seattle,2020-06-09,55.94
161,Seattle,2020-06-10,60.26
162,Seattle,2020-06-11,61.88
163,Seattle,2020-06-12,59.54
164,Seattle,2020-06-13,56.12
165,Seattle,2020-06-14,55.94
166,Seattle,2020-06-15,57.92
167,Seattle,2020-06-16,56.48
168,Seattle,2020-06-17,60.44
169,Seattle,2020-06-18,63.86
170,Seattle,2020-06-19,68.18
171,Seattle,2020-06-20,67.28
172,Seattle,2020-06-21,63.14
173,Seattle,2020-06-22,63.14
174,Seattle,2020-06-23,70.34
175,Seattle,2020-06-24,68.54
176,Seattle,2020-06-25,66.74
177,Seattle,2020-06-26,70.16
178,Seattle,2020-06-27,62.42
179,Seattle,2020-06-28,58.1
180,Seattle,2020-06-29,61.7
181,Seattle,2020-06-30,60.26
182,Seattle,2020-07-01,58.46
183,Seattle,2020-07-02,58.46
184,Seattle,2020-07-03,59.9
185,Seattle,2020-07-04,60.26
186,Seattle,2020-07-05,63.32
187,Seattle,2020-07-06,63.14
188,Seattle,2020-07-07,61.7
189,Seattle,2020-07-08,62.24
190,Seattle,2020-07-09,63.86
191,Seattle,2020-07-10,62.24
192,Seattle,2020-07-11,63.14
193,Seattle,2020-07-12,62.06
194,Seattle,2020-07-13,63.86
195,Seattle,2020-07-14,66.74
196,Seattle,2020-07-15,70.52
197,Seattle,2020-07-16,68.72
198,Seattle,2020-07-17,64.94
199,Seattle,2020-07-18,66.02
200,Seattle,2020-07-19,71.6
201,Seattle,2020-07-20,74.3
202,Seattle,2020-07-21,72.5
203,Seattle,2020-07-22,66.02
204,Seattle,2020-07-23,63.32
205,Seattle,2020-07-24,62.24
206,Seattle,2020-07-25,64.94
207,Seattle,2020-07-26,70.52
208,Seattle,2020-07-27,77.36
209,Seattle,2020-07-28,71.78
210,Seattle,2020-07-29,69.08
211,Seattle,2020-07-30,74.48
212,Seattle,2020-07-31,73.76
213,Seattle,2020-08-01,65.48
214,Seattle,2020-08-02,68.36
215,Seattle,2020-08-03,69.08
216,Seattle,2020-08-04,71.78
217,Seattle,2020-08-05,70.88
218,Seattle,2020-08-06,65.84
219,Seattle,2020-08-07,62.6
220,Seattle,2020-08-08,62.24
221,Seattle,2020-08-09,63.86
222,Seattle,2020-08-10,68.36
223,Seattle,2020-08-11,66.38
224,Seattle,2020-08-12,61.34
225,Seattle,2020-08-13,62.42
226,Seattle,2020-08-14,66.74
227,Seattle,2020-08-15,72.5
228,Seattle,2020-08-16,77.36
229,Seattle,2020-08-17,78.44
230,Seattle,2020-08-18,71.24
231,Seattle,2020-08-19,69.08
232,Seattle,2020-08-20,70.52
233,Seattle,2020-08-21,69.08
234,Seattle,2020-08-22,64.94
235,Seattle,2020-08-23,64.94
236,Seattle,2020-08-24,65.48
237,Seattle,2020-08-25,65.3
238,Seattle,2020-08-26,67.46
239,Seattle,2020-08-27,66.56
240,Seattle,2020-08-28,67.64
241,Seattle,2020-08-29,65.84
242,Seattle,2020-08-30,60.98
243,Seattle,2020-08-31,61.34
244,Seattle,2020-09-01,65.48
245,Seattle,2020-09-02,69.8
246,Seattle,2020-09-03,69.08
247,Seattle,2020-09-04,71.24
248,Seattle,2020-09-05,65.48
249,Seattle,2020-09-06,65.84
250,Seattle,2020-09-07,70.34
251,Seattle,2020-09-08,72.86
252,Seattle,2020-09-09,71.42
253,Seattle,2020-09-10,75.56
254,Seattle,2020-09-11,65.48
255,Seattle,2020-09-12,58.64
256,Seattle,2020-09-13,55.4
257,Seattle,2020-09-14,59.72
258,Seattle,2020-09-15,65.12
259,Seattle,2020-09-16,65.66
260,Seattle,2020-09-17,66.38
261,Seattle,2020-09-18,63.86
262,Seattle,2020-09-19,62.78
263,Seattle,2020-09-20,62.06
264,Seattle,2020-09-21,61.16
265,Seattle,2020-09-22,64.58
266,Seattle,2020-09-23,62.96
267,Seattle,2020-09-24,60.44
268,Seattle,2020-09-25,59.18
269,Seattle,2020-09-26,57.56
270,Seattle,2020-09-27,58.64
271,Seattle,2020-09-28,60.8
272,Seattle,2020-09-29,63.86
273,Seattle,2020-09-30,64.58
274,Seattle,2020-10-01,61.88
275,Seattle,2020-10-02,61.52
276,Seattle,2020-10-03,58.46
277,Seattle,2020-10-04,55.58
278,Seattle,2020-10-05,58.64
279,Seattle,2020-10-06,59.36
280,Seattle,2020-10-07,60.08
281,Seattle,2020-10-08,59.18
282,Seattle,2020-10-09,60.44
283,Seattle,2020-10-10,58.82
284,Seattle,2020-10-11,53.06
285,Seattle,2020-10-12,56.66
286,Seattle,2020-10-13,55.58
287,Seattle,2020-10-14,55.76
288,Seattle,2020-10-15,53.06
289,Seattle,2020-10-16,55.94
290,Seattle,2020-10-17,55.94
291,Seattle,2020-10-18,56.12
292,Seattle,2020-10-19,56.84
293,Seattle,2020-10-20,52.88
294,Seattle,2020-10-21,49.82
295,Seattle,2020-10-22,45.68
296,Seattle,2020-10-23,44.24
297,Seattle,2020-10-24,46.04
298,Seattle,2020-10-25,41.9
299,Seattle,2020-10-26,42.08
300,Seattle,2020-10-27,48.56
301,Seattle,2020-10-28,50.36
302,Seattle,2020-10-29,54.14
303,Seattle,2020-10-30,53.96
304,Seattle,2020-10-31,49.46
305,Seattle,2020-11-01,48.56
306,Seattle,2020-11-02,51.08
307,Seattle,2020-11-03,51.44
308,Seattle,2020-11-04,59.54
309,Seattle,2020-11-05,57.02
310,Seattle,2020-11-06,47.3
311,Seattle,2020-11-07,42.08
312,Seattle,2020-11-08,40.82
313,Seattle,2020-11-09,37.58
314,Seattle,2020-11-10,42.8
315,Seattle,2020-11-11,41.72
316,Seattle,2020-11-12,43.16
317,Seattle,2020-11-13,46.76
318,Seattle,2020-11-14,45.14
319,Seattle,2020-11-15,46.94
320,Seattle,2020-11-16,47.48
321,Seattle,2020-11-17,51.26
322,Seattle,2020-11-18,48.38
323,Seattle,2020-11-19,45.32
324,Seattle,2020-11-20,45.86
325,Seattle,2020-11-21,48.38
326,Seattle,2020-11-22,42.62
327,Seattle,2020-11-23,43.7
328,Seattle,2020-11-24,46.22
329,Seattle,2020-11-25,44.6
330,Seattle,2020-11-26,45.86
331,Seattle,2020-11-27,46.76
332,Seattle,2020-11-28,46.22
333,Seattle,2020-11-29,38.12
334,Seattle,2020-11-30,44.6
335,Seattle,2020-12-01,42.44
336,Seattle,2020-12-02,44.96
337,Seattle,2020-12-03,44.6
338,Seattle,2020-12-04,45.86
339,Seattle,2020-12-05,44.24
340,Seattle,2020-12-06,49.64
341,Seattle,2020-12-07,46.4
342,Seattle,2020-12-08,49.82
343,Seattle,2020-12-09,47.84
344,Seattle,2020-12-10,42.08
345,Seattle,2020-12-11,41.72
346,Seattle,2020-12-12,37.76
347,Seattle,2020-12-13,41.54
348,Seattle,2020-12-14,44.96
349,Seattle,2020-12-15,44.78
350,Seattle,2020-12-16,46.58
351,Seattle,2020-12-17,47.12
352,Seattle,2020-12-18,46.04
353,Seattle,2020-12-19,47.66
354,Seattle,2020-12-20,50.36
355,Seattle,2020-12-21,48.74
356,Seattle,2020-12-22,38.66
357,Seattle,2020-12-23,37.04
358,Seattle,2020-12-24,35.6
359,Seattle,2020-12-25,41.0
360,Seattle,2020-12-26,45.14
361,Seattle,2020-12-27,44.42
362,Seattle,2020-12-28,40.82
363,Seattle,2020-12-29,38.84
364,Seattle,2020-12-30,41.9
365,Seattle,2020-12-31,47.66
0,Bend,2020-01-01,34.7
1,Bend,2020-01-02,31.1
2,Bend,2020-01-03,31.28
3,Bend,2020-01-04,27.5
4,Bend,2020-01-05,26.78
5,Bend,2020-01-06,31.64
6,Bend,2020-01-07,30.74
7,Bend,2020-01-08,28.22
8,Bend,2020-01-09,24.62
9,Bend,2020-01-10,29.3
10,Bend,2020-01-11,26.42
11,Bend,2020-01-12,26.6
12,Bend,2020-01-13,24.8
13,Bend,2020-01-14,19.22
14,Bend,2020-01-15,20.12
15,Bend,2020-01-16,24.8
16,Bend,2020-01-17,24.8
17,Bend,2020-01-18,30.38
18,Bend,2020-01-19,32.36
19,Bend,2020-01-20,31.46
20,Bend,2020-01-21,30.02
21,Bend,2020-01-22,33.08
22,Bend,2020-01-23,34.88
23,Bend,2020-01-24,33.8
24,Bend,2020-01-25,35.24
25,Bend,2020-01-26,33.44
26,Bend,2020-01-27,33.08
27,Bend,2020-01-28,32.72
28,Bend,2020-01-29,33.08
29,Bend,2020-01-30,33.98
30,Bend,2020-01-31,36.86
31,Bend,2020-02-01,36.32
32,Bend,2020-02-02,22.1
33,Bend,2020-02-03,19.94
34,Bend,2020-02-04,20.84
35,Bend,2020-02-05,32.72
36,Bend,2020-02-06,35.06
37,Bend,2020-02-07,35.24
38,Bend,2020-02-08,25.34
39,Bend,2020-02-09,22.28
40,Bend,2020-02-10,26.6
41,Bend,2020-02-11,30.02
42,Bend,2020-02-12,29.3
43,Bend,2020-02-13,27.14
44,Bend,2020-02-14,27.86
45,Bend,2020-02-15,30.38
46,Bend,2020-02-16,29.48
47,Bend,2020-02-17,23.36
48,Bend,2020-02-18,17.6
49,Bend,2020-02-19,23.36
50,Bend,2020-02-20,25.7
51,Bend,2020-02-21,26.78
52,Bend,2020-02-22,30.2
53,Bend,2020-02-23,30.2
54,Bend,2020-02-24,26.24
55,Bend,2020-02-25,27.5
56,Bend,2020-02-26,33.8
57,Bend,2020-02-27,30.56
58,Bend,2020-02-28,34.16
59,Bend,2020-02-29,25.34
60,Bend,2020-03-01,23.54
61,Bend,2020-03-02,31.1
62,Bend,2020-03-03,36.5
63,Bend,2020-03-04,35.24
64,Bend,2020-03-05,34.7
65,Bend,2020-03-06,34.34
66,Bend,2020-03-07,27.5
67,Bend,2020-03-08,26.24
68,Bend,2020-03-09,28.22
69,Bend,2020-03-10,28.76
70,Bend,2020-03-11,35.06
71,Bend,2020-03-12,32.9
72,Bend,2020-03-13,29.66
73,Bend,2020-03-14,25.52
74,Bend,2020-03-15,18.5
75,Bend,2020-03-16,26.42
76,Bend,2020-03-17,30.56
77,Bend,2020-03-18,32.9
78,Bend,2020-03-19,31.64
79,Bend,2020-03-20,34.16
80,Bend,2020-03-21,34.7
81,Bend,2020-03-22,35.24
82,Bend,2020-03-23,30.74
83,Bend,2020-03-24,26.96
84,Bend,2020-03-25,24.8
85,Bend,2020-03-26,24.98
86,Bend,2020-03-27,29.66
87,Bend,2020-03-28,33.62
88,Bend,2020-03-29,34.34
89,Bend,2020-03-30,32.72
90,Bend,2020-03-31,27.86
91,Bend,2020-04-01,25.34
92,Bend,2020-04-02,26.96
93,Bend,2020-04-03,25.52
94,Bend,2020-04-04,25.7
95,Bend,2020-04-05,34.34
96,Bend,2020-04-06,34.7
97,Bend,2020-04-07,38.84
98,Bend,2020-04-08,38.12
99,Bend,2020-04-09,41.18
100,Bend,2020-04-10,42.8
101,Bend,2020-04-11,39.56
102,Bend,2020-04-12,35.6
103,Bend,2020-04-13,33.44
104,Bend,2020-04-14,39.2
105,Bend,2020-04-15,38.66
106,Bend,2020-04-16,37.58
107,Bend,2020-04-17,39.92
108,Bend,2020-04-18,38.66
109,Bend,2020-04-19,39.2
110,Bend,2020-04-20,40.28
111,Bend,2020-04-21,40.82
112,Bend,2020-04-22,40.46
113,Bend,2020-04-23,38.12
114,Bend,2020-04-24,39.02
115,Bend,2020-04-25,39.56
116,Bend,2020-04-26,39.92
117,Bend,2020-04-27,41.0
118,Bend,2020-04-28,42.26
119,Bend,2020-04-29,43.7
120,Bend,2020-04-30,37.4
121,Bend,2020-05-01,38.12
122,Bend,2020-05-02,36.32
123,Bend,2020-05-03,32.9
124,Bend,2020-05-04,37.58
125,Bend,2020-05-05,42.8
126,Bend,2020-05-06,34.34
127,Bend,2020-05-07,40.1
128,Bend,2020-05-08,44.78
129,Bend,2020-05-09,46.94
130,Bend,2020-05-10,46.58
131,Bend,2020-05-11,42.62
132,Bend,2020-05-12,37.4
133,Bend,2020-05-13,36.14
134,Bend,2020-05-14,35.78
135,Bend,2020-05-15,38.66
136,Bend,2020-05-16,40.64
137,Bend,2020-05-17,38.12
138,Bend,2020-05-18,35.96
139,Bend,2020-05-19,36.5
140,Bend,2020-05-20,36.5
141,Bend,2020-05-21,34.52
142,Bend,2020-05-22,33.62
143,Bend,2020-05-23,40.1
144,Bend,2020-05-24,44.78
145,Bend,2020-05-25,46.04
146,Bend,2020-05-26,47.66
147,Bend,2020-05-27,50.18
148,Bend,2020-05-28,53.96
149,Bend,2020-05-29,54.68
150,Bend,2020-05-30,44.96
151,Bend,2020-05-31,43.16
152,Bend,2020-06-01,47.12
153,Bend,2020-06-02,50.0
154,Bend,2020-06-03,50.0
155,Bend,2020-06-04,49.28
156,Bend,2020-06-05,44.42
157,Bend,2020-06-06,35.6
158,Bend,2020-06-07,33.26
159,Bend,2020-06-08,37.04
160,Bend,2020-06-09,45.5
161,Bend,2020-06-10,50.36
162,Bend,2020-06-11,52.16
163,Bend,2020-06-12,45.14
164,Bend,2020-06-13,37.4
165,Bend,2020-06-14,42.08
166,Bend,2020-06-15,40.28
167,Bend,2020-06-16,37.22
168,Bend,2020-06-17,43.88
169,Bend,2020-06-18,50.9
170,Bend,2020-06-19,56.48
171,Bend,2020-06-20,54.68
172,Bend,2020-06-21,53.78
173,Bend,2020-06-22,59.36
174,Bend,2020-06-23,63.68
175,Bend,2020-06-24,56.84
176,Bend,2020-06-25,57.74
177,Bend,2020-06-26,60.44
178,Bend,2020-06-27,52.88
179,Bend,2020-06-28,40.1
180,Bend,2020-06-29,45.14
181,Bend,2020-06-30,45.32
182,Bend,2020-07-01,44.06
183,Bend,2020-07-02,50.54
184,Bend,2020-07-03,50.0
185,Bend,2020-07-04,50.0
186,Bend,2020-07-05,50.0
187,Bend,2020-07-06,48.2
188,Bend,2020-07-07,45.32
189,Bend,2020-07-08,51.26
190,Bend,2020-07-09,51.62
191,Bend,2020-07-10,54.5
192,Bend,2020-07-11,55.58
193,Bend,2020-07-12,53.24
194,Bend,2020-07-13,53.42
195,Bend,2020-07-14,56.12
196,Bend,2020-07-15,59.36
197,Bend,2020-07-16,59.9
198,Bend,2020-07-17,55.58
199,Bend,2020-07-18,57.38
200,Bend,2020-07-19,60.98
201,Bend,2020-07-20,63.14
202,Bend,2020-07-21,62.06
203,Bend,2020-07-22,59.72
204,Bend,2020-07-23,55.04
205,Bend,2020-07-24,53.78
206,Bend,2020-07-25,56.48
207,Bend,2020-07-26,62.96
208,Bend,2020-07-27,64.22
209,Bend,2020-07-28,64.94
210,Bend,2020-07-29,63.68
211,Bend,2020-07-30,64.58
212,Bend,2020-07-31,62.42
213,Bend,2020-08-01,59.0
214,Bend,2020-08-02,55.76
215,Bend,2020-08-03,56.48
216,Bend,2020-08-04,59.36
217,Bend,2020-08-05,58.28
218,Bend,2020-08-06,48.2
219,Bend,2020-08-07,50.36
220,Bend,2020-08-08,54.5
221,Bend,2020-08-09,56.84
222,Bend,2020-08-10,60.98
223,Bend,2020-08-11,55.76
224,Bend,2020-08-12,51.8
225,Bend,2020-08-13,51.98
226,Bend,2020-08-14,57.56
227,Bend,2020-08-15,66.38
228,Bend,2020-08-16,61.88
229,Bend,2020-08-17,64.22
230,Bend,2020-08-18,65.66
231,Bend,2020-08-19,61.34
232,Bend,2020-08-20,58.28
233,Bend,2020-08-21,56.3
234,Bend,2020-08-22,56.12
235,Bend,2020-08-23,58.1
236,Bend,2020-08-24,57.92
237,Bend,2020-08-25,57.56
238,Bend,2020-08-26,55.22
239,Bend,2020-08-27,54.32
240,Bend,2020-08-28,55.58
241,Bend,2020-08-29,54.14
242,Bend,2020-08-30,51.26
243,Bend,2020-08-31,51.98
244,Bend,2020-09-01,60.44
245,Bend,2020-09-02,61.88
246,Bend,2020-09-03,63.32
247,Bend,2020-09-04,64.22
248,Bend,2020-09-05,58.64
249,Bend,2020-09-06,58.82
250,Bend,2020-09-07,59.36
251,Bend,2020-09-08,50.0
252,Bend,2020-09-09,55.04
253,Bend,2020-09-10,57.02
254,Bend,2020-09-11,55.22
255,Bend,2020-09-12,54.86
256,Bend,2020-09-13,53.78
257,Bend,2020-09-14,53.42
258,Bend,2020-09-15,53.78
259,Bend,2020-09-16,53.96
260,Bend,2020-09-17,51.62
261,Bend,2020-09-18,47.48
262,Bend,2020-09-19,46.76
263,Bend,2020-09-20,46.4
264,Bend,2020-09-21,47.12
265,Bend,2020-09-22,50.54
266,Bend,2020-09-23,51.62
267,Bend,2020-09-24,43.16
268,Bend,2020-09-25,43.52
269,Bend,2020-09-26,43.52
270,Bend,2020-09-27,44.42
271,Bend,2020-09-28,50.0
272,Bend,2020-09-29,52.34
273,Bend,2020-09-30,53.6
274,Bend,2020-10-01,53.42
275,Bend,2020-10-02,53.24
276,Bend,2020-10-03,50.0
277,Bend,2020-10-04,47.66
278,Bend,2020-10-05,48.92
279,Bend,2020-10-06,50.54
280,Bend,2020-10-07,47.66
281,Bend,2020-10-08,46.04
282,Bend,2020-10-09,47.12
283,Bend,2020-10-10,41.0
284,Bend,2020-10-11,40.28
285,Bend,2020-10-12,42.26
286,Bend,2020-10-13,44.96
287,Bend,2020-10-14,38.12
288,Bend,2020-10-15,36.86
289,Bend,2020-10-16,45.68
290,Bend,2020-10-17,47.3
291,Bend,2020-10-18,46.04
292,Bend,2020-10-19,45.32
293,Bend,2020-10-20,44.42
294,Bend,2020-10-21,37.04
295,Bend,2020-10-22,30.2
296,Bend,2020-10-23,37.58
297,Bend,2020-10-24,36.14
298,Bend,2020-10-25,21.74
299,Bend,2020-10-26,31.28
300,Bend,2020-10-27,35.96
301,Bend,2020-10-28,36.68
302,Bend,2020-10-29,38.66
303,Bend,2020-10-30,40.1
304,Bend,2020-10-31,34.34
305,Bend,2020-11-01,38.12
306,Bend,2020-11-02,39.02
307,Bend,2020-11-03,40.46
308,Bend,2020-11-04,46.58
309,Bend,2020-11-05,45.68
310,Bend,2020-11-06,31.82
311,Bend,2020-11-07,27.86
312,Bend,2020-11-08,22.82
313,Bend,2020-11-09,22.64
314,Bend,2020-11-10,29.84
315,Bend,2020-11-11,24.26
316,Bend,2020-11-12,20.84
317,Bend,2020-11-13,31.46
318,Bend,2020-11-14,31.28
319,Bend,2020-11-15,34.88
320,Bend,2020-11-16,36.14
321,Bend,2020-11-17,35.96
322,Bend,2020-11-18,31.82
323,Bend,2020-11-19,26.96
324,Bend,2020-11-20,19.76
325,Bend,2020-11-21,20.66
326,Bend,2020-11-22,25.34
327,Bend,2020-11-23,30.74
328,Bend,2020-11-24,28.4
329,Bend,2020-11-25,28.76
330,Bend,2020-11-26,27.86
331,Bend,2020-11-27,21.02
332,Bend,2020-11-28,22.82
333,Bend,2020-11-29,24.98
334,Bend,2020-11-30,27.86
335,Bend,2020-12-01,23.9
336,Bend,2020-12-02,24.8
337,Bend,2020-12-03,26.42
338,Bend,2020-12-04,27.68
339,Bend,2020-12-05,28.04
340,Bend,2020-12-06,31.28
341,Bend,2020-12-07,29.84
342,Bend,2020-12-08,32.54
343,Bend,2020-12-09,31.64
344,Bend,2020-12-10,22.46
345,Bend,2020-12-11,26.24
346,Bend,2020-12-12,23.54
347,Bend,2020-12-13,29.3
348,Bend,2020-12-14,28.22
349,Bend,2020-12-15,32.18
350,Bend,2020-12-16,31.64
351,Bend,2020-12-17,29.66
352,Bend,2020-12-18,30.38
353,Bend,2020-12-19,35.24
354,Bend,2020-12-20,41.18
355,Bend,2020-12-21,36.68
356,Bend,2020-12-22,23.54
357,Bend,2020-12-23,19.76
358,Bend,2020-12-24,20.84
359,Bend,2020-12-25,29.84
360,Bend,2020-12-26,28.94
361,Bend,2020-12-27,24.26
362,Bend,2020-12-28,16.88
363,Bend,2020-12-29,17.78
364,Bend,2020-12-30,30.92
365,Bend,2020-12-31,31.1
